countryCode,name,wikidataID,gender,twitterScreenname,twitterID,positionHeld,group,groupFromState,district
US,Denver Riggleman,http://www.wikidata.org/entity/Q28086149,male,repriggleman,1080504024695222273,Member of the United States House of Representatives from Virginia || United States representative,Republican Party,Republican Party,Virginia's 5th congressional district
US,Elaine Luria,http://www.wikidata.org/entity/Q58323073,female,elaineluriava,950111395378597888,Member of the United States House of Representatives from Virginia || United States representative,Democratic Party,Democratic Party,Virginia's 2nd congressional district
US,John Lewis,http://www.wikidata.org/entity/Q45380,male,repjohnlewis,29450962,United States representative,Democratic Party,Democratic Party,Georgia's 5th congressional district
US,Nancy Pelosi,http://www.wikidata.org/entity/Q170581,female,teampelosi || speakerpelosi,2461810448 || 15764644,United States representative,Democratic Party,Democratic Party,California's 12th congressional district
US,Jackie Speier,http://www.wikidata.org/entity/Q218544,female,repspeier,24913074,United States representative,Democratic Party,Democratic Party,California's 14th congressional district
US,Barbara Lee,http://www.wikidata.org/entity/Q289317,female,repbarbaralee,248735463,United States representative,Democratic Party,Democratic Party,California's 13th congressional district
US,John Carter,http://www.wikidata.org/entity/Q369814,male,judgecarter,18030431,United States representative,Republican Party,Republican Party,Texas's 31st congressional district
US,Mike Turner,http://www.wikidata.org/entity/Q505722,male,repmiketurner,51228911,United States representative,Republican Party,Republican Party,Ohio's 10th congressional district
US,Steve Chabot,http://www.wikidata.org/entity/Q506694,male,repstevechabot,237750442,United States representative,Republican Party,Republican Party,Ohio's 1st congressional district
US,Dan Lipinski,http://www.wikidata.org/entity/Q518424,male,replipinski,1009269193,United States representative,Democratic Party,Democratic Party,Illinois's 3rd congressional district
US,Chuck Fleischmann,http://www.wikidata.org/entity/Q521959,male,repchuck,235190657,United States representative,Republican Party,Republican Party,Tennessee's 3rd congressional district
US,Steve King,http://www.wikidata.org/entity/Q749710,male,stevekingia,48117116,United States representative,Republican Party,Republican Party,Iowa's 4th congressional district
US,Mario Díaz-Balart,http://www.wikidata.org/entity/Q767270,male,mariodb,37094727,United States representative,Republican Party || Democratic Party,Republican Party,Florida's 25th congressional district
US,Billy Long,http://www.wikidata.org/entity/Q863171,male,usreplong,1444015610,United States representative,Republican Party,Republican Party,Missouri's 7th congressional district
US,Larry Bucshon,http://www.wikidata.org/entity/Q944286,male,replarrybucshon,234812598,United States representative,Republican Party,Republican Party,Indiana's 8th congressional district
US,Raúl Grijalva,http://www.wikidata.org/entity/Q946606,male,repraulgrijalva,28602948,United States representative,Democratic Party || Raza Unida Party,Democratic Party,Arizona's 3rd congressional district
US,Frank Pallone,http://www.wikidata.org/entity/Q965289,male,frankpallone || pallonefornj,31801993 || 1265423480,United States representative,Democratic Party,Democratic Party,New Jersey's 6th congressional district
US,Hank Johnson,http://www.wikidata.org/entity/Q983537,male,rephankjohnson,24745957,United States representative,Democratic Party,Democratic Party,Georgia's 4th congressional district
US,John Sarbanes,http://www.wikidata.org/entity/Q984509,male,repsarbanes,364415553,United States representative,Democratic Party,Democratic Party,Maryland's 3rd congressional district
US,Jeff Duncan,http://www.wikidata.org/entity/Q1027026,male,repjeffduncan,240393970,United States representative,Republican Party,Republican Party,South Carolina's 3rd congressional district
US,Joaquín Castro,http://www.wikidata.org/entity/Q1167934,male,joaquincastrotx,231510077,United States representative,Democratic Party,Democratic Party,Texas's 20th congressional district
US,Emanuel Cleaver,http://www.wikidata.org/entity/Q1334654,male,repcleaver,163570705,United States representative,Democratic Party,Democratic Party,Missouri's 5th congressional district
US,Jerry McNerney,http://www.wikidata.org/entity/Q1344743,male,repmcnerney,385429543,United States representative,Democratic Party,Democratic Party,California's 9th congressional district
US,Tom Graves,http://www.wikidata.org/entity/Q1647301,male,reptomgraves,190328374,United States representative,Republican Party,Republican Party,Georgia's 14th congressional district
US,Jim Himes,http://www.wikidata.org/entity/Q1689111,male,jahimes,31611298,United States representative,Democratic Party,Democratic Party,Connecticut's 4th congressional district
US,Pete Olson,http://www.wikidata.org/entity/Q2073303,male,reppeteolson,20053279,United States representative,Republican Party,Republican Party,Texas's 22nd congressional district
US,Scott DesJarlais,http://www.wikidata.org/entity/Q2260839,male,desjarlaistn04,235312723,United States representative,Republican Party,Republican Party,Tennessee's 4th congressional district
US,Brad Schneider,http://www.wikidata.org/entity/Q2923426,male,repschneider || schneider4il10,1071840474 || 278005891,United States representative,Democratic Party,Democratic Party,Illinois's 10th congressional district
US,Don Beyer,http://www.wikidata.org/entity/Q3036086,male,repdonbeyer,2962868158,United States representative,Democratic Party,Democratic Party,Virginia's 8th congressional district
US,Ted Yoho,http://www.wikidata.org/entity/Q3090476,male,reptedyoho,1071900114,United States representative,Republican Party,Republican Party,Florida's 3rd congressional district
US,Mark Meadows,http://www.wikidata.org/entity/Q3956796,male,repmarkmeadows,975198558461800449,United States representative,Republican Party,Republican Party,North Carolina's 11th congressional district
US,Andy Levin,http://www.wikidata.org/entity/Q4760938,male,repandylevin,1080277407867772930,United States representative,Democratic Party,Democratic Party,Michigan's 9th congressional district
US,Ben McAdams,http://www.wikidata.org/entity/Q4886138,male,repbenmcadams,196362083,United States representative,Democratic Party || Utah Democratic Party,Democratic Party,Utah's 4th congressional district
US,Bonnie Watson Coleman,http://www.wikidata.org/entity/Q4942457,female,repbonnie,2968451607,United States representative,Democratic Party,Democratic Party,New Jersey's 12th congressional district
US,Chris Pappas,http://www.wikidata.org/entity/Q5107684,male,repchrispappas || chrispappasnh,1067748650485497862 || 574799823,United States representative,Democratic Party,Democratic Party,New Hampshire's 1st congressional district
US,Donald Norcross,http://www.wikidata.org/entity/Q5294942,male,donaldnorcross,3122099613,United States representative,Democratic Party,Democratic Party,New Jersey's 1st congressional district
US,Elizabeth Cheney,http://www.wikidata.org/entity/Q5362573,female,liz_cheney || replizcheney,98471035 || 816719802328715264,United States representative,Republican Party || Wyoming Republican Party,Republican Party,Wyoming's at-large congressional district
US,Glenn Grothman,http://www.wikidata.org/entity/Q5568836,male,repgrothman,2976606250,United States representative,Republican Party,Republican Party,Wisconsin's 6th congressional district
US,Greg Gianforte,http://www.wikidata.org/entity/Q5605607,male,gregformontana,3420965229,United States representative,Republican Party,Republican Party,Montana's at-large congressional district
US,Jeff Van Drew,http://www.wikidata.org/entity/Q6175202,male,congressmanjvd,1083469084648505344,United States representative,Republican Party || Democratic Party,Democratic Party,New Jersey's 2nd congressional district
US,Joseph Morelle,http://www.wikidata.org/entity/Q6285623,male,repjoemorelle || votemorelle,1064595993222615040 || 977247448820305920,United States representative,Democratic Party,Democratic Party,New York's 25th congressional district
US,Mark DeSaulnier,http://www.wikidata.org/entity/Q6767311,male,repdesaulnier,2968007206,United States representative,Republican Party || Democratic Party || California Democratic Party,Democratic Party,California's 11th congressional district
US,Russ Fulcher,http://www.wikidata.org/entity/Q7381134,male,russfulcher,172944579,United States representative,Republican Party,Republican Party,Idaho's 1st congressional district
US,John Moolenaar,http://www.wikidata.org/entity/Q16194212,male,repmoolenaar,2696643955,United States representative,Republican Party,Republican Party,Michigan's 4th congressional district
US,Brian Babin,http://www.wikidata.org/entity/Q16979824,male,repbrianbabin,2929491549,United States representative,Republican Party,Republican Party,Texas's 36th congressional district
US,John Ratcliffe,http://www.wikidata.org/entity/Q16980175,male,repratcliffe,2847221717,United States representative,Republican Party,Republican Party,Texas's 4th congressional district
US,Garret Graves,http://www.wikidata.org/entity/Q18686454,male,repgarretgraves,2951574214,United States representative,Republican Party,Republican Party,Louisiana's 6th congressional district
US,Tom Malinowski,http://www.wikidata.org/entity/Q23772336,male,repmalinowski || malinowski,1080898026418384897 || 811239440916054016,United States representative,Democratic Party,Democratic Party,New Jersey's 7th congressional district
US,Neal Dunn,http://www.wikidata.org/entity/Q27733851,male,drnealdunnfl2 || dunncampaign,815952318487298048 || 3433189197,United States representative,Republican Party,Republican Party,Florida's 2nd congressional district
US,Jared Golden,http://www.wikidata.org/entity/Q41694157,male,golden4congress,900516768032202752,United States representative,Democratic Party,Democratic Party,Maine's 2nd congressional district
US,Kelly M. Armstrong,http://www.wikidata.org/entity/Q50362353,male,reparmstrongnd || armstrong_nd,1080515866255593472 || 964996994623311874,United States representative,Republican Party,Republican Party,North Dakota's at-large congressional district
US,Sean Casten,http://www.wikidata.org/entity/Q55386655,male,repcasten,1083472286089396224,United States representative,Democratic Party,Democratic Party,Illinois's 6th congressional district
US,Joe Neguse,http://www.wikidata.org/entity/Q57242006,male,joeneguse,1542372750,United States representative,Democratic Party,Democratic Party,Colorado's 2nd congressional district
US,Jason Crow,http://www.wikidata.org/entity/Q58323071,male,repjasoncrow,1080191866509901826,United States representative,Democratic Party,Democratic Party,Colorado's 6th congressional district
US,Chip Roy,http://www.wikidata.org/entity/Q58333615,male,repchiproy,1082790600292925440,United States representative,Republican Party,Republican Party,Texas's 21st congressional district
US,Katie Porter,http://www.wikidata.org/entity/Q58754391,female,katieporteroc || repkatieporter,617266600 || 1081222837459996672,United States representative,Democratic Party,Democratic Party,California's 45th congressional district
US,Michael Guest,http://www.wikidata.org/entity/Q60428645,male,guestcongress || repmichaelguest,953749679166156800 || 1081243468327018496,United States representative,Republican Party,Republican Party,Mississippi's 3rd congressional district
US,Adam Kinzinger,http://www.wikidata.org/entity/Q349955,male,repkinzinger,219429281,United States representative,Republican Party,Republican Party,Illinois's 16th congressional district
US,John B. Larson,http://www.wikidata.org/entity/Q357832,male,repjohnlarson,50452197,United States representative,Democratic Party,Democratic Party,Connecticut's 1st congressional district
US,Betty McCollum,http://www.wikidata.org/entity/Q434893,female,bettymccollum04 || votebetty,516880804 || 164414525,United States representative,Democratic Party || Minnesota Democratic–Farmer–Labor Party,Democratic Party,Minnesota's 4th congressional district
US,Martha Roby,http://www.wikidata.org/entity/Q439117,female,repmartharoby,224294785,United States representative,Republican Party,Republican Party,Alabama's 2nd congressional district
US,Jan Schakowsky,http://www.wikidata.org/entity/Q440885,female,janschakowsky,24195214,United States representative,Democratic Party,Democratic Party,Illinois's 9th congressional district
US,Judy Chu,http://www.wikidata.org/entity/Q460035,female,repjudychu,193732179,United States representative,Democratic Party,Democratic Party,California's 27th congressional district
US,Nita Lowey,http://www.wikidata.org/entity/Q460652,female,nitalowey,221792092,United States representative,Democratic Party,Democratic Party,New York's 17th congressional district
US,Kay Granger,http://www.wikidata.org/entity/Q468807,female,repkaygranger,161743731,United States representative,Republican Party,Republican Party,Texas's 12th congressional district
US,Kevin Brady,http://www.wikidata.org/entity/Q472241,male,repkevinbrady,19926675,United States representative,Republican Party,Republican Party,Texas's 8th congressional district
US,Tom McClintock,http://www.wikidata.org/entity/Q535887,male,repmcclintock,50152441,United States representative,Republican Party,Republican Party,California's 4th congressional district
US,Rob Wittman,http://www.wikidata.org/entity/Q541251,male,robwittman,15356407,United States representative,Republican Party,Republican Party,Virginia's 1st congressional district
US,Robert Aderholt,http://www.wikidata.org/entity/Q672671,male,robert_aderholt,76452765,United States representative,Republican Party,Republican Party,Alabama's 4th congressional district
US,Scott Tipton,http://www.wikidata.org/entity/Q782994,male,reptipton,242873057,United States representative,Republican Party,Republican Party,Colorado's 3rd congressional district
US,Bennie Thompson,http://www.wikidata.org/entity/Q817877,male,benniegthompson,82453460,United States representative,Democratic Party,Democratic Party,Mississippi's 2nd congressional district
US,Brad Wenstrup,http://www.wikidata.org/entity/Q892413,male,repbradwenstrup,518644221,United States representative,Republican Party,Republican Party,Ohio's 2nd congressional district
US,Brett Guthrie,http://www.wikidata.org/entity/Q910794,male,brettguthrie,114607567,United States representative,Republican Party,Republican Party,Kentucky's 2nd congressional district
US,David Cicilline,http://www.wikidata.org/entity/Q938498,male,repcicilline,462143773,United States representative,Democratic Party,Democratic Party,Rhode Island's 1st congressional district
US,Jim Sensenbrenner,http://www.wikidata.org/entity/Q952268,male,jimpressoffice,851621377,United States representative,Republican Party,Republican Party,Wisconsin's 5th congressional district
US,William Lacy Clay,http://www.wikidata.org/entity/Q959455,male,lacyclaymo1,584912320,United States representative,Democratic Party,Democratic Party,Missouri's 1st congressional district
US,Joyce Beatty,http://www.wikidata.org/entity/Q976417,female,repbeatty,1531521632,United States representative,Democratic Party,Democratic Party,Ohio's 3rd congressional district
US,Greg Walden,http://www.wikidata.org/entity/Q1397359,male,repgregwalden,32010840,United States representative,Republican Party || Oregon Republican Party,Republican Party,Oregon's 2nd congressional district
US,Ken Buck,http://www.wikidata.org/entity/Q1439421,male,repkenbuck,2862577383,United States representative,Republican Party,Republican Party,Colorado's 4th congressional district
US,Gregory Meeks,http://www.wikidata.org/entity/Q1545391,male,repgregorymeeks,22812754,United States representative,Democratic Party,Democratic Party,New York's 5th congressional district
US,Morgan Griffith,http://www.wikidata.org/entity/Q1684857,male,repmgriffith,234057152,United States representative,Republican Party,Republican Party,Virginia's 9th congressional district
US,Mo Brooks,http://www.wikidata.org/entity/Q1941306,male,repmobrooks,237299871,United States representative,Republican Party,Republican Party,Alabama's 5th congressional district
US,Paul Gosar,http://www.wikidata.org/entity/Q2059832,male,drpaulgosar || repgosar,872148729184362497 || 240760644,United States representative,Republican Party,Republican Party,Arizona's 4th congressional district
US,Paul Cook,http://www.wikidata.org/entity/Q3408766,male,reppaulcook,1074412920,United States representative,Republican Party,Republican Party,California's 8th congressional district
US,Juan Vargas,http://www.wikidata.org/entity/Q3791701,male,repjuanvargas,1260172386,United States representative,Democratic Party,Democratic Party,California's 51st congressional district
US,Dan Kildee,http://www.wikidata.org/entity/Q3880272,male,repdankildee,1045110018,United States representative,Democratic Party,Democratic Party,Michigan's 5th congressional district
US,George Holding,http://www.wikidata.org/entity/Q3956828,male,repholding,1058460818,United States representative,Republican Party,Republican Party,North Carolina's 2nd congressional district
US,Roger Williams,http://www.wikidata.org/entity/Q4014560,male,reprwilliams,1077446982,United States representative,Republican Party,Republican Party,Texas's 25th congressional district
US,"Alfred Lawson, Jr.",http://www.wikidata.org/entity/Q4723052,male,repallawsonjr,818472418620608512,United States representative,Democratic Party,Democratic Party,Florida's 5th congressional district
US,Alma Adams,http://www.wikidata.org/entity/Q4733597,female,repadams,2916086925,United States representative,Democratic Party,Democratic Party,North Carolina's 12th congressional district
US,Brenda Lawrence,http://www.wikidata.org/entity/Q4960712,female,replawrence,2863006655,United States representative,Democratic Party,Democratic Party,Michigan's 14th congressional district
US,Jason T. Smith,http://www.wikidata.org/entity/Q6163589,male,repjasonsmith,1623308912,United States representative,Republican Party,Republican Party,Missouri's 8th congressional district
US,John R. Curtis,http://www.wikidata.org/entity/Q6253810,male,repjohncurtis,931614483050414080,United States representative,Republican Party,Republican Party,Utah's 3rd congressional district
US,Raja Krishnamoorthi,http://www.wikidata.org/entity/Q7285471,male,congressmanraja,814179031956488192,United States representative,Democratic Party,Democratic Party,Illinois's 8th congressional district
US,Ross Spano,http://www.wikidata.org/entity/Q16196710,male,rossspano,605615715,United States representative,Republican Party,Republican Party,Florida's 15th congressional district
US,Jennifer Wexton,http://www.wikidata.org/entity/Q16206735,female,jenniferwexton,2212905492,United States representative,Democratic Party,Democratic Party,Virginia's 10th congressional district
US,Lee Zeldin,http://www.wikidata.org/entity/Q16221257,male,repleezeldin || leezeldin,2750127259 || 15874918,United States representative,Republican Party,Republican Party,New York's 1st congressional district
US,Will Hurd,http://www.wikidata.org/entity/Q18639742,male,hurdonthehill || willhurd,2963445730 || 74313566,United States representative,Republican Party,Republican Party,Texas's 23rd congressional district
US,Don Bacon,http://www.wikidata.org/entity/Q19757583,male,repdonbacon,818975124460335106,United States representative,Republican Party,Republican Party,Nebraska's 2nd congressional district
US,Mike Johnson,http://www.wikidata.org/entity/Q19880665,male,repmikejohnson,827279765287559171,United States representative,Republican Party,Republican Party,Louisiana's 4th congressional district
US,Jimmy Panetta,http://www.wikidata.org/entity/Q27733776,male,repjimmypanetta,796736612554117120,United States representative,Democratic Party,Democratic Party,California's 20th congressional district
US,Stephanie Murphy,http://www.wikidata.org/entity/Q27804538,female,repstephmurphy,796183515998068736,United States representative,Democratic Party,Democratic Party,Florida's 7th congressional district
US,David Trone,http://www.wikidata.org/entity/Q29446408,male,davidjtrone,4851790919,United States representative,Democratic Party,Democratic Party,Maryland's 6th congressional district
US,John W. Rose,http://www.wikidata.org/entity/Q33044040,male,repjohnrose,1081312310059253763,United States representative,Republican Party,Republican Party,Tennessee's 6th congressional district
US,Angie Craig,http://www.wikidata.org/entity/Q58324174,female,repangiecraig || angiecraigmn,1080222360643485698 || 411861905,United States representative,Democratic Party,Democratic Party,Minnesota's 2nd congressional district
US,Jim Hagedorn,http://www.wikidata.org/entity/Q58494532,male,rephagedorn,1083474782602125318,United States representative,Republican Party,Republican Party,Minnesota's 1st congressional district
US,Mike Garcia,http://www.wikidata.org/entity/Q94236068,male,repmikegarcia,1262531473057423361,United States representative,Republican Party,Republican Party,California's 25th congressional district
US,David Scott,http://www.wikidata.org/entity/Q132071,male,repdavidscott,168673083,United States representative,Democratic Party,Democratic Party,Georgia's 13th congressional district
US,Zoe Lofgren,http://www.wikidata.org/entity/Q218217,female,repzoelofgren,267938462,United States representative,Democratic Party,Democratic Party,California's 19th congressional district
US,Frank Lucas,http://www.wikidata.org/entity/Q246049,male,repfranklucas,242772524,United States representative,Republican Party,Republican Party,Oklahoma's 3rd congressional district
US,Cathy McMorris Rodgers,http://www.wikidata.org/entity/Q293343,female,cathymcmorris,17976923,United States representative,Republican Party,Republican Party,Washington's 5th congressional district
US,Ben R. Luján,http://www.wikidata.org/entity/Q324256,male,senatorlujan || benraylujan,19318314,United States representative,Democratic Party,Democratic Party,New Mexico's 3rd congressional district
US,Adam Schiff,http://www.wikidata.org/entity/Q350843,male,repadamschiff,29501253,United States representative,Democratic Party,Democratic Party,California's 28th congressional district
US,Adam Smith,http://www.wikidata.org/entity/Q350916,male,repadamsmith,58928690,United States representative,Democratic Party,Democratic Party,Washington's 9th congressional district
US,Lloyd Doggett,http://www.wikidata.org/entity/Q363817,male,replloyddoggett,153944899,United States representative,Democratic Party,Democratic Party,Texas's 35th congressional district
US,Joe Courtney,http://www.wikidata.org/entity/Q434470,male,repjoecourtney,85396297,United States representative,Democratic Party,Democratic Party,Connecticut's 2nd congressional district
US,Carolyn Maloney,http://www.wikidata.org/entity/Q455833,female,carolynbmaloney || repmaloney,119250381 || 258900199,United States representative,Democratic Party,Democratic Party,New York's 12th congressional district
US,José Enrique Serrano,http://www.wikidata.org/entity/Q460267,male,repjoseserrano,33563161,United States representative,Democratic Party,Democratic Party,New York's 15th congressional district
US,Frederica Wilson,http://www.wikidata.org/entity/Q461504,female,repwilson,234014087,United States representative,Democratic Party,Democratic Party,Florida's 24th congressional district
US,Yvette Clarke,http://www.wikidata.org/entity/Q461679,female,yvetteclarke || repyvetteclarke,790257384572743680 || 240812994,United States representative,Democratic Party,Democratic Party,New York's 9th congressional district
US,Jerrold Nadler,http://www.wikidata.org/entity/Q505598,male,repjerrynadler,40302336,United States representative,Democratic Party,Democratic Party,New York's 10th congressional district
US,Albio Sires,http://www.wikidata.org/entity/Q527509,male,repsires,18696134,United States representative,Republican Party || Democratic Party,Democratic Party,New Jersey's 8th congressional district
US,Devin Nunes,http://www.wikidata.org/entity/Q539493,male,devinnunes,54412900,United States representative,Republican Party,Republican Party,California's 22nd congressional district
US,Hal Rogers,http://www.wikidata.org/entity/Q547153,male,rephalrogers,550401754,United States representative,Republican Party,Republican Party,Kentucky's 5th congressional district
US,Ann Kirkpatrick,http://www.wikidata.org/entity/Q558460,female,repkirkpatrick || ann_kirkpatrick,1081240074946252801 || 272004287,United States representative,Democratic Party,Democratic Party,Arizona's 2nd congressional district
US,Ed Case,http://www.wikidata.org/entity/Q597613,male,edcasehawaii || repedcase,21737536 || 1081350574589833221,United States representative,Democratic Party,Democratic Party,Hawaii's 1st congressional district
US,David Loebsack,http://www.wikidata.org/entity/Q771586,male,daveloebsack || daveforiowa,510516465 || 583486767,United States representative,Democratic Party,Democratic Party,Iowa's 2nd congressional district
US,Bob Gibbs,http://www.wikidata.org/entity/Q887945,male,repbobgibbs,234822928,United States representative,Republican Party,Republican Party,Ohio's 7th congressional district
US,Bobby Scott,http://www.wikidata.org/entity/Q888668,male,bobbyscott,161791703,United States representative,Democratic Party,Democratic Party,Virginia's 3rd congressional district
US,David Price,http://www.wikidata.org/entity/Q984010,male,repdavideprice,155669457,United States representative,Democratic Party,Democratic Party,North Carolina's 4th congressional district
US,Daniel Webster,http://www.wikidata.org/entity/Q1163099,male,repwebster,281540744,United States representative,Republican Party,Republican Party,Florida's 11th congressional district
US,"Donald Payne, Jr.",http://www.wikidata.org/entity/Q1240224,male,repdonaldpayne,1155335864,United States representative,Democratic Party,Democratic Party,New Jersey's 10th congressional district
US,Gerry Connolly,http://www.wikidata.org/entity/Q1514859,male,gerryconnolly,78445977,United States representative,Democratic Party,Democratic Party,Virginia's 11th congressional district
US,John Shimkus,http://www.wikidata.org/entity/Q1701747,male,repshimkus,15600527,United States representative,Republican Party,Republican Party,Illinois's 15th congressional district
US,Patrick McHenry,http://www.wikidata.org/entity/Q2057809,male,patrickmchenry,27676828,United States representative,Republican Party,Republican Party,North Carolina's 10th congressional district
US,Suzan DelBene,http://www.wikidata.org/entity/Q2091892,female,repdelbene,995193054,United States representative,Democratic Party,Democratic Party,Washington's 1st congressional district
US,Sean Patrick Maloney,http://www.wikidata.org/entity/Q2262244,male,repseanmaloney,1072467470,United States representative,Democratic Party,Democratic Party,New York's 18th congressional district
US,Susan Brooks,http://www.wikidata.org/entity/Q3225324,female,susanwbrooks,1074101017,United States representative,Republican Party,Republican Party,Indiana's 5th congressional district
US,Tony Cárdenas,http://www.wikidata.org/entity/Q3620422,male,repcardenas,1222257180,United States representative,Democratic Party,Democratic Party,California's 29th congressional district
US,Scott Peters,http://www.wikidata.org/entity/Q3791514,male,scottpeterssd || repscottpeters,292594517 || 1135486501,United States representative,Democratic Party,Democratic Party,California's 52nd congressional district
US,Tom Rice,http://www.wikidata.org/entity/Q3956858,male,reptomrice,1058345042,United States representative,Republican Party,Republican Party,South Carolina's 7th congressional district
US,Richard Hudson,http://www.wikidata.org/entity/Q3956999,male,reprichhudson,935033864,United States representative,Republican Party,Republican Party,North Carolina's 8th congressional district
US,Matt Cartwright,http://www.wikidata.org/entity/Q4111531,male,repcartwright,776664410,United States representative,Democratic Party,Democratic Party,Pennsylvania's 8th congressional district
US,A. Donald McEachin,http://www.wikidata.org/entity/Q4647699,male,repmceachin,816181091673448448,United States representative,Democratic Party,Democratic Party,Virginia's 4th congressional district
US,Alex X. Mooney,http://www.wikidata.org/entity/Q4718026,male,repalexmooney,2964526557,United States representative,Republican Party,Republican Party,West Virginia's 2nd congressional district
US,Anthony Brindisi,http://www.wikidata.org/entity/Q4772153,male,abrindisiny || repbrindisi,915831762 || 1080978331535896576,United States representative,Democratic Party,Democratic Party,New York's 22nd congressional district
US,Darin LaHood,http://www.wikidata.org/entity/Q5222780,male,replahood,3686482216,United States representative,Republican Party,Republican Party,Illinois's 18th congressional district
US,Deborah Dingell,http://www.wikidata.org/entity/Q5248232,female,repdebdingell,2970279814,United States representative,Democratic Party,Democratic Party,Michigan's 12th congressional district
US,Greg Steube,http://www.wikidata.org/entity/Q5606295,male,repgregsteube || gregsteube,1083125649609506816 || 21924842,United States representative,Republican Party,Republican Party,Florida's 17th congressional district
US,Jodey Arrington,http://www.wikidata.org/entity/Q6207815,male,reparrington,816284664658874368,United States representative,Republican Party,Republican Party,Texas's 19th congressional district
US,Ayanna Pressley,http://www.wikidata.org/entity/Q13562359,female,reppressley || ayannapressley,1080584229510172678 || 31013444,United States representative,Democratic Party,Democratic Party,Massachusetts's 7th congressional district
US,Jim Banks,http://www.wikidata.org/entity/Q16146788,male,repjimbanks,816131319033950208,United States representative,Republican Party,Republican Party,Indiana's 3rd congressional district
US,Matt Gaetz,http://www.wikidata.org/entity/Q16221742,male,mattgaetz || repmattgaetz,58579942 || 818948638890217473,United States representative,Republican Party,Republican Party,Florida's 1st congressional district
US,Mark Green,http://www.wikidata.org/entity/Q16224587,male,repmarkgreen,1080477288955826176,United States representative,Republican Party,Republican Party,Tennessee's 7th congressional district
US,Dan Newhouse,http://www.wikidata.org/entity/Q16733285,male,repnewhouse,2930635215,United States representative,Republican Party,Republican Party,Washington's 4th congressional district
US,Marcy Kaptur,http://www.wikidata.org/entity/Q436537,female,repmarcykaptur,581141508,United States representative,Democratic Party,Democratic Party,Ohio's 9th congressional district
US,Diana DeGette,http://www.wikidata.org/entity/Q437159,female,repdianadegette,28599820,United States representative,Democratic Party,Democratic Party,Colorado's 1st congressional district
US,Marcia Fudge,http://www.wikidata.org/entity/Q461746,female,secfudge || repmarciafudge || mlfudge,1369343440534855681 || 153486399 || 18829123,United States representative,Democratic Party,Democratic Party,Ohio's 11th congressional district
US,Mike Quigley,http://www.wikidata.org/entity/Q465767,male,repmikequigley,56864092,United States representative,Democratic Party,Democratic Party,Illinois's 5th congressional district
US,Lucille Roybal-Allard,http://www.wikidata.org/entity/Q469115,female,reproybalallard,479872233,United States representative,Democratic Party,Democratic Party,California's 40th congressional district
US,Pete Visclosky,http://www.wikidata.org/entity/Q514660,male,repvisclosky,193872188,United States representative,Democratic Party,Democratic Party,Indiana's 1st congressional district
US,Kweisi Mfume,http://www.wikidata.org/entity/Q519504,male,repkweisimfume,1276209702322438148,United States representative,Democratic Party,Democratic Party,Maryland's 7th congressional district
US,Henry Cuellar,http://www.wikidata.org/entity/Q539562,male,repcuellar,210926192,United States representative,Democratic Party,Democratic Party,Texas's 28th congressional district
US,Jamie Raskin,http://www.wikidata.org/entity/Q640835,male,repraskin,806906355214852096,United States representative,Democratic Party,Democratic Party,Maryland's 8th congressional district
US,Austin Scott,http://www.wikidata.org/entity/Q781167,male,austinscottga08,234797704,United States representative,Republican Party,Republican Party,Georgia's 8th congressional district
US,Bill Huizenga,http://www.wikidata.org/entity/Q862199,male,rephuizenga,233949261,United States representative,Republican Party,Republican Party,Michigan's 2nd congressional district
US,Bob Latta,http://www.wikidata.org/entity/Q888061,male,boblatta,15394954,United States representative,Republican Party,Republican Party,Ohio's 5th congressional district
US,Peter King,http://www.wikidata.org/entity/Q953554,male,reppeteking,18277655,United States representative,Republican Party,Republican Party,New York's 2nd congressional district
US,Jim Cooper,http://www.wikidata.org/entity/Q973737,male,repjimcooper,22523087,United States representative,Democratic Party,Democratic Party,Tennessee's 5th congressional district
US,David Joyce,http://www.wikidata.org/entity/Q976778,male,repdavejoyce,976969338,United States representative,Republican Party,Republican Party,Ohio's 14th congressional district
US,Tim Walberg,http://www.wikidata.org/entity/Q978618,male,repwalberg,237862972,United States representative,Republican Party,Republican Party,Michigan's 7th congressional district
US,Mike Thompson,http://www.wikidata.org/entity/Q1323196,male,repthompson,303861808,United States representative,Democratic Party,Democratic Party,California's 5th congressional district
US,Michael F. Doyle,http://www.wikidata.org/entity/Q1344200,male,usrepmikedoyle,39249305,United States representative,Democratic Party,Democratic Party,Pennsylvania's 18th congressional district
US,Paul Tonko,http://www.wikidata.org/entity/Q1373548,male,reppaultonko,84119348,United States representative,Democratic Party,Democratic Party,New York's 20th congressional district
US,Richard Neal,http://www.wikidata.org/entity/Q1464697,male,reprichardneal,442824717,United States representative,Democratic Party,Democratic Party,Massachusetts's 1st congressional district
US,Doug LaMalfa,http://www.wikidata.org/entity/Q1703840,male,replamalfa,1069124515,United States representative,Republican Party || California Republican Party,Republican Party,California's 1st congressional district
US,Joe Kennedy III,http://www.wikidata.org/entity/Q1707784,male,repjoekennedy,1055907624,United States representative,Democratic Party,Democratic Party,Massachusetts's 4th congressional district
US,Jackie Walorski,http://www.wikidata.org/entity/Q3157413,female,repwalorski,1065995022,United States representative,Republican Party,Republican Party,Indiana's 2nd congressional district
US,Doug Collins,http://www.wikidata.org/entity/Q3162841,male,repdougcollins,1060487274,United States representative,Republican Party,Republican Party,Georgia's 9th congressional district
US,Eric Swalwell,http://www.wikidata.org/entity/Q3466996,male,ericswalwell || repswalwell,377609596 || 942156122,United States representative,Democratic Party,Democratic Party,California's 15th congressional district
US,Dennis Heck,http://www.wikidata.org/entity/Q4068793,male,repdennyheck,1068499286,United States representative,Democratic Party,Democratic Party,Washington's 10th congressional district
US,Adriano Espaillat,http://www.wikidata.org/entity/Q4685569,male,repespaillat,817076257770835968,United States representative,Democratic Party,Democratic Party,New York's 13th congressional district
US,Anthony G. Brown,http://www.wikidata.org/entity/Q4772558,male,repanthonybrown,823552974253342721,United States representative,Democratic Party,Democratic Party,Maryland's 4th congressional district
US,Christopher Jacobs,http://www.wikidata.org/entity/Q5112625,male,jacobsny27,1129376438698807296,United States representative,Republican Party,Republican Party,New York's 27th congressional district
US,David Rouzer,http://www.wikidata.org/entity/Q5239255,male,davidrouzer,127941167,United States representative,Republican Party,Republican Party,North Carolina's 7th congressional district
US,Francis Rooney,http://www.wikidata.org/entity/Q5482337,male,reprooney,816111677917851649,United States representative,Republican Party,Republican Party,Florida's 19th congressional district
US,Greg Stanton,http://www.wikidata.org/entity/Q5606289,male,repgregstanton || gregstantonaz,1080885078425784320 || 218292287,United States representative,Democratic Party,Democratic Party,Arizona's 9th congressional district
US,Jody Hice,http://www.wikidata.org/entity/Q6208081,male,congressmanhice,2975091705,United States representative,Republican Party,Republican Party,Georgia's 10th congressional district
US,Mike Bost,http://www.wikidata.org/entity/Q6846090,male,repbost,2964877294,United States representative,Republican Party,Republican Party,Illinois's 12th congressional district
US,Pramila Jayapal,http://www.wikidata.org/entity/Q18978140,female,repjayapal,815733290955112448,United States representative,Democratic Party,Democratic Party,Washington's 7th congressional district
US,Roger Marshall,http://www.wikidata.org/entity/Q27923290,male,rogermarshallmd,1240107944,United States representative,Republican Party,Republican Party,Kansas's 1st congressional district
US,Mikie Sherrill,http://www.wikidata.org/entity/Q47087146,female,mikiesherrill || repsherrill,1577754348 || 1080569698536878081,United States representative,Democratic Party,Democratic Party,New Jersey's 11th congressional district
US,Jim Baird,http://www.wikidata.org/entity/Q48813213,male,electjimbaird,123563657,United States representative,Republican Party,Republican Party,Indiana's 4th congressional district
US,Veronica Escobar,http://www.wikidata.org/entity/Q52274267,female,repescobar || vgescobar,1075517806551154689 || 38960144,United States representative,Democratic Party,Democratic Party,Texas's 16th congressional district
US,Mary Gay Scanlon,http://www.wikidata.org/entity/Q54611716,female,repmgs,1067541214671577093,United States representative,Democratic Party,Democratic Party,Pennsylvania's 5th congressional district
US,Max Rose,http://www.wikidata.org/entity/Q56046860,male,repmaxrose || maxrose4ny,1078692057940742144 || 892491627088011264,United States representative,Democratic Party,Democratic Party,New York's 11th congressional district
US,Xochitl Torres Small,http://www.wikidata.org/entity/Q58399761,female,reptorressmall || xochforcongress,1080830346915209216 || 427872569,United States representative,Democratic Party,Democratic Party,New Mexico's 2nd congressional district
US,Antonio Delgado,http://www.wikidata.org/entity/Q60428696,male,delgadoforny19 || delgadoforny || repdelgado,829061809135030272 || 1080485692298444800,United States representative,Democratic Party,Democratic Party,New York's 19th congressional district
US,John Joyce,http://www.wikidata.org/entity/Q60428839,male,repjohnjoyce,1082311988926124036,United States representative,Republican Party,Republican Party,Pennsylvania's 13th congressional district
US,Greg Murphy,http://www.wikidata.org/entity/Q23074266,male,gregmurphymd || repgregmurphy,1100072194632237056 || 1173978070535024642,United States representative,Republican Party,Republican Party,North Carolina's 3rd congressional district
US,Abby Finkenauer,http://www.wikidata.org/entity/Q24435337,female,abby4iowa,1262017122,United States representative,Democratic Party,Democratic Party,Iowa's 1st congressional district
US,Jahana Hayes,http://www.wikidata.org/entity/Q24951316,female,repjahanahayes || jahanahayesct,1082086081238102018 || 991721030631780354,United States representative,Democratic Party,Democratic Party,Connecticut's 5th congressional district
US,David Kustoff,http://www.wikidata.org/entity/Q26923148,male,repdavidkustoff,816012124505931780,United States representative,Republican Party,Republican Party,Tennessee's 8th congressional district
US,Brian Fitzpatrick,http://www.wikidata.org/entity/Q27831059,male,repbrianfitz,816303263586914304,United States representative,Republican Party,Republican Party,Pennsylvania's 1st congressional district
US,Paul Mitchell,http://www.wikidata.org/entity/Q27922634,male,reppaulmitchell,811632636598910976,United States representative,Republican Party,Republican Party,Michigan's 10th congressional district
US,Elissa Slotkin,http://www.wikidata.org/entity/Q30323721,female,repslotkin || elissaslotkin,1078401427347857408 || 860547911268139008,United States representative,Democratic Party,Democratic Party,Michigan's 8th congressional district
US,Lucy McBath,http://www.wikidata.org/entity/Q54358424,female,replucymcbath,1082380458976051202,United States representative,Democratic Party,Democratic Party,Georgia's 6th congressional district
US,Alexandria Ocasio-Cortez,http://www.wikidata.org/entity/Q55223040,female,repaoc || aoc,1079104563280527364 || 138203134,United States representative,Democratic Party,Democratic Party,New York's 14th congressional district
US,Michael Cloud,http://www.wikidata.org/entity/Q55313952,male,michaeljcloud || repcloudtx,23725826 || 1039879658400112640,United States representative,Republican Party,Republican Party,Texas's 27th congressional district
US,Andy Kim,http://www.wikidata.org/entity/Q55639180,male,repandykimnj || andykimnj,1078771848882593793 || 24215154,United States representative,Democratic Party,Democratic Party,New Jersey's 3rd congressional district
US,Mark Amodei,http://www.wikidata.org/entity/Q23944,male,markamodeinv2,402719755,United States representative,Republican Party,Republican Party,Nevada's 2nd congressional district
US,Rodney Davis,http://www.wikidata.org/entity/Q134035,male,rodneydavis,993153006,United States representative,Republican Party,Republican Party,Illinois's 13th congressional district
US,Donna Shalala,http://www.wikidata.org/entity/Q292569,female,repshalala || donnashalala,1060584809095925762 || 737719829579345920,United States representative,Democratic Party,Democratic Party,Florida's 27th congressional district
US,Steve Stivers,http://www.wikidata.org/entity/Q324099,male,repstevestivers,211420609,United States representative,Republican Party,Republican Party,Ohio's 15th congressional district
US,Eddie Bernice Johnson,http://www.wikidata.org/entity/Q461526,female,repebj,168502762,United States representative,Democratic Party,Democratic Party,Texas's 30th congressional district
US,Gwen Moore,http://www.wikidata.org/entity/Q461698,female,repgwenmoore,22669526,United States representative,Democratic Party,Democratic Party,Wisconsin's 4th congressional district
US,Brian Higgins,http://www.wikidata.org/entity/Q505581,male,repbrianhiggins,33576489,United States representative,Democratic Party,Democratic Party,New York's 26th congressional district
US,Tim Ryan,http://www.wikidata.org/entity/Q513960,male,timryan || reptimryan,466532637 || 13491312,United States representative,Democratic Party,Democratic Party,Ohio's 13th congressional district
US,Mike Conaway,http://www.wikidata.org/entity/Q538944,male,conawaytx11,295685416,United States representative,Republican Party,Republican Party,Texas's 11th congressional district
US,Mike D. Rogers,http://www.wikidata.org/entity/Q693238,male,repmikerogersal,33977070,United States representative,Republican Party,Republican Party,Alabama's 3rd congressional district
US,John Yarmuth,http://www.wikidata.org/entity/Q699970,male,repjohnyarmuth,384913290,United States representative,Democratic Party,Democratic Party,Kentucky's 3rd congressional district
US,Bill Keating,http://www.wikidata.org/entity/Q775412,male,usrepkeating,232992031,United States representative,Democratic Party,Democratic Party,Massachusetts's 9th congressional district
US,Jeff Fortenberry,http://www.wikidata.org/entity/Q1397331,male,jefffortenberry,18805303,United States representative,Republican Party,Republican Party,Nebraska's 1st congressional district
US,Glenn Thompson,http://www.wikidata.org/entity/Q1531120,male,congressmangt,18967498,United States representative,Republican Party,Republican Party,Pennsylvania's 15th congressional district
US,Justin Amash,http://www.wikidata.org/entity/Q1714165,male,justinamash,233842454,United States representative,Republican Party || Libertarian Party,Republican Party,Michigan's 3rd congressional district
US,Steve Scalise,http://www.wikidata.org/entity/Q1857141,male,stevescalise,1209417007,United States representative,Republican Party,Republican Party,Louisiana's 1st congressional district
US,Mark Pocan,http://www.wikidata.org/entity/Q1900355,male,repmarkpocan,1206227149,United States representative,Democratic Party,Democratic Party,Wisconsin's 2nd congressional district
US,Rob Woodall,http://www.wikidata.org/entity/Q2156128,male,reprobwoodall,2382685057,United States representative,Republican Party,Republican Party,Georgia's 7th congressional district
US,Stephen F. Lynch,http://www.wikidata.org/entity/Q2344921,male,repstephenlynch,310310133,United States representative,Democratic Party,Democratic Party,Massachusetts's 8th congressional district
US,Robin Kelly,http://www.wikidata.org/entity/Q3437091,female,reprobinkelly,1339931490,United States representative,Democratic Party,Democratic Party,Illinois's 2nd congressional district
US,Julia Brownley,http://www.wikidata.org/entity/Q3577073,female,juliabrownley26 || repbrownley,923251678652043269 || 1243902714,United States representative,Democratic Party,Democratic Party,California's 26th congressional district
US,Alan Lowenthal,http://www.wikidata.org/entity/Q3740782,male,replowenthal,1055730738,United States representative,Democratic Party,Democratic Party,California's 47th congressional district
US,Ann McLane Kuster,http://www.wikidata.org/entity/Q3917208,female,repanniekuster,1058717720,United States representative,Democratic Party,Democratic Party,New Hampshire's 2nd congressional district
US,Derek Kilmer,http://www.wikidata.org/entity/Q4068828,male,repderekkilmer,1058917562,United States representative,Democratic Party,Democratic Party,Washington's 6th congressional district
US,Chris Stewart,http://www.wikidata.org/entity/Q4068880,male,repchrisstewart,1072008757,United States representative,Republican Party,Republican Party,Utah's 2nd congressional district
US,Bradley Byrne,http://www.wikidata.org/entity/Q4954892,male,repbyrne,2253968388,United States representative,Republican Party || Democratic Party,Republican Party,Alabama's 1st congressional district
US,Dan Meuser,http://www.wikidata.org/entity/Q5214012,male,repmeuser || meuser4congress,1080574793630527505 || 903354645623566340,United States representative,Republican Party,Republican Party,Pennsylvania's 9th congressional district
US,Darren Soto,http://www.wikidata.org/entity/Q5225162,male,repdarrensoto,818713465653051392,United States representative,Democratic Party,Democratic Party,Florida's 9th congressional district
US,Dwight E. Evans,http://www.wikidata.org/entity/Q5318148,male,repdwightevans,90639372,United States representative,Democratic Party,Democratic Party,Pennsylvania's 3rd congressional district
US,Grace Meng,http://www.wikidata.org/entity/Q5591303,female,repgracemeng || grace4ny,1051127714 || 571214272,United States representative,Democratic Party,Democratic Party,New York's 6th congressional district
US,Jimmy Gomez,http://www.wikidata.org/entity/Q6200205,male,repjimmygomez,2371339658,United States representative,California Democratic Party,Democratic Party,California's 34th congressional district
US,John Rutherford,http://www.wikidata.org/entity/Q6256043,male,reprutherfordfl,828977216595849216,United States representative,Republican Party,Republican Party,Florida's 4th congressional district
US,Katherine Clark,http://www.wikidata.org/entity/Q6376330,female,repkclark,2293131060,United States representative,Democratic Party,Democratic Party,Massachusetts's 5th congressional district
US,Ralph Norman,http://www.wikidata.org/entity/Q7287914,male,repralphnorman,880480631108644864,United States representative,Republican Party,Republican Party,South Carolina's 5th congressional district
US,Ro Khanna,http://www.wikidata.org/entity/Q7339221,male,rokhanna || reprokhanna,771152516 || 816298918468259841,United States representative,Democratic Party,Democratic Party,California's 17th congressional district
US,Scott Perry,http://www.wikidata.org/entity/Q7437040,male,repscottperry,18773159,United States representative,Republican Party,Republican Party,Pennsylvania's 10th congressional district
US,Ted Lieu,http://www.wikidata.org/entity/Q7693450,male,reptedlieu || tedlieu,3044993235 || 21059255,United States representative,Democratic Party,Democratic Party,California's 33rd congressional district
US,Thomas Suozzi,http://www.wikidata.org/entity/Q7794276,male,reptomsuozzi,816705409486618624,United States representative,Democratic Party,Democratic Party,New York's 3rd congressional district
US,Elise Stefanik,http://www.wikidata.org/entity/Q18211057,female,repstefanik || elisestefanik,2962813893 || 109579534,United States representative,Republican Party,Republican Party,New York's 21st congressional district
US,John Katko,http://www.wikidata.org/entity/Q18619043,male,repjohnkatko,2966765501,United States representative,Republican Party,Republican Party,New York's 24th congressional district
US,French Hill,http://www.wikidata.org/entity/Q18631366,male,repfrenchhill,2953974395,United States representative,Republican Party,Republican Party,Arkansas's 2nd congressional district
US,Nanette Barragán,http://www.wikidata.org/entity/Q21662745,female,repbarragan,816833925456789505,United States representative,Democratic Party,Democratic Party,California's 44th congressional district
US,Warren Davidson,http://www.wikidata.org/entity/Q24458117,male,vote_davidson || warrendavidson,4624539143 || 742735530287304704,United States representative,Republican Party,Republican Party,Ohio's 8th congressional district
US,Clay Higgins,http://www.wikidata.org/entity/Q25849505,male,repclayhiggins,843636970538618880,United States representative,Republican Party,Republican Party,Louisiana's 3rd congressional district
US,Ilhan Omar,http://www.wikidata.org/entity/Q26436159,female,ilhan || ilhanmn,1082334352711790593 || 783792992,United States representative,Democratic Party || Minnesota Democratic–Farmer–Labor Party,Democratic Party,Minnesota's 5th congressional district
US,Mike Gallagher,http://www.wikidata.org/entity/Q27842981,male,repgallagher,815966620300480514,United States representative,Republican Party,Republican Party,Wisconsin's 8th congressional district
US,Dusty Johnson,http://www.wikidata.org/entity/Q30015838,male,dustyjohnson || repdustyjohnson,140529899 || 1074782372594413569,United States representative,Republican Party,Republican Party,South Dakota's at-large congressional district
US,Dan Crenshaw,http://www.wikidata.org/entity/Q58301995,male,repdancrenshaw,1080894931311431682,United States representative,Republican Party,Republican Party,Texas's 2nd congressional district
US,Sharice Davids,http://www.wikidata.org/entity/Q58322868,female,sharicedavids,950952511556538368,United States representative,Democratic Party,Democratic Party,Kansas's 3rd congressional district
US,Cindy Axne,http://www.wikidata.org/entity/Q58324150,female,repcindyaxne || axne4congress,1080865917377097728 || 867495243482058755,United States representative,Democratic Party,Democratic Party,Iowa's 3rd congressional district
US,Lizzie Pannill Fletcher,http://www.wikidata.org/entity/Q58324313,female,repfletcher,1075904377221722113,United States representative,Democratic Party,Democratic Party,Texas's 7th congressional district
US,Tulsi Gabbard,http://www.wikidata.org/entity/Q32620,female,tulsigabbard,26637348,United States representative,Democratic Party || independent politician,Democratic Party,Hawaii's 2nd congressional district
US,Doug Lamborn,http://www.wikidata.org/entity/Q371106,male,repdlamborn,584012853,United States representative,Republican Party,Republican Party,Colorado's 5th congressional district
US,Charlie Crist,http://www.wikidata.org/entity/Q374693,male,charliecrist || repcharliecrist,38970940 || 816030424778543104,United States representative,Republican Party || Democratic Party,Democratic Party,Florida's 13th congressional district
US,Mark Takano,http://www.wikidata.org/entity/Q399593,male,repmarktakano,1037321378,United States representative,Democratic Party,Democratic Party,California's 41st congressional district
US,Rob Bishop,http://www.wikidata.org/entity/Q433857,male,reprobbishop,148006729,United States representative,Republican Party,Republican Party,Utah's 1st congressional district
US,Virginia Foxx,http://www.wikidata.org/entity/Q458453,female,virginiafoxx,16256269,United States representative,Republican Party,Republican Party,North Carolina's 5th congressional district
US,Kathy Castor,http://www.wikidata.org/entity/Q458492,female,usrepkcastor,1880674038,United States representative,Democratic Party,Democratic Party,Florida's 14th congressional district
US,Sam Graves,http://www.wikidata.org/entity/Q465638,male,repsamgraves,29766367,United States representative,Republican Party,Republican Party,Missouri's 6th congressional district
US,Fred Upton,http://www.wikidata.org/entity/Q505236,male,repfredupton,124224165,United States representative,Republican Party,Republican Party,Michigan's 6th congressional district
US,Andy Harris,http://www.wikidata.org/entity/Q506639,male,repandyharrismd,960962340,United States representative,Republican Party,Republican Party,Maryland's 1st congressional district
US,Steve Cohen,http://www.wikidata.org/entity/Q512330,male,repcohen,162069635,United States representative,Democratic Party,Democratic Party,Tennessee's 9th congressional district
US,André Carson,http://www.wikidata.org/entity/Q517649,male,repandrecarson,199325935,United States representative,Democratic Party,Democratic Party,Indiana's 7th congressional district
US,Blaine Luetkemeyer,http://www.wikidata.org/entity/Q522181,male,repblaine,1849261916,United States representative,Republican Party,Republican Party,Missouri's 3rd congressional district
US,Dina Titus,http://www.wikidata.org/entity/Q524440,female,repdinatitus,122174004,United States representative,Democratic Party,Democratic Party,Nevada's 1st congressional district
US,Ken Calvert,http://www.wikidata.org/entity/Q538978,male,kencalvert,22545491,United States representative,Republican Party,Republican Party,California's 42nd congressional district
US,Cedric Richmond,http://www.wikidata.org/entity/Q561284,male,reprichmond,267854863,United States representative,Democratic Party,Democratic Party,Louisiana's 2nd congressional district
US,Brad Sherman,http://www.wikidata.org/entity/Q672919,male,bradsherman,30216513,United States representative,Democratic Party,Democratic Party,California's 30th congressional district
US,Earl Blumenauer,http://www.wikidata.org/entity/Q748066,male,repblumenauer,15954997,United States representative,Democratic Party,Democratic Party,Oregon's 3rd congressional district
US,Kevin McCarthy,http://www.wikidata.org/entity/Q766866,male,speakermccarthy || gopleader,19739126,United States representative,Republican Party,Republican Party,California's 23rd congressional district
US,Bill Flores,http://www.wikidata.org/entity/Q862103,male,repbillflores,237312687,United States representative,Republican Party,Republican Party,Texas's 17th congressional district
US,Bobby Rush,http://www.wikidata.org/entity/Q888599,male,repbobbyrush,305216911,United States representative,Democratic Party,Democratic Party,Illinois's 1st congressional district
US,Joe Wilson,http://www.wikidata.org/entity/Q928855,male,repjoewilson,254082173,United States representative,Republican Party,Republican Party,South Carolina's 2nd congressional district
US,Danny K. Davis,http://www.wikidata.org/entity/Q1164657,male,repdannydavis,789244177,United States representative,Democratic Party,Democratic Party,Illinois's 7th congressional district
US,David Schweikert,http://www.wikidata.org/entity/Q1176561,male,repdavid,229197216,United States representative,Republican Party,Republican Party,Arizona's 6th congressional district
US,Jim Langevin,http://www.wikidata.org/entity/Q1397290,male,jimlangevin,18909919,United States representative,Democratic Party,Democratic Party,Rhode Island's 2nd congressional district
US,Rick Crawford,http://www.wikidata.org/entity/Q2151554,male,reprickcrawford,233693291,United States representative,Republican Party,Republican Party,Arkansas's 1st congressional district
US,Tom Reed,http://www.wikidata.org/entity/Q2440035,male,reptomreed,252819323,United States representative,Republican Party,Republican Party,New York's 23rd congressional district
US,Ami Bera,http://www.wikidata.org/entity/Q3389105,male,repbera,950783972,United States representative,Democratic Party,Democratic Party,California's 7th congressional district
US,Anthony Gonzalez,http://www.wikidata.org/entity/Q3487172,male,repagonzalez || anthonygonzalez,1054381765224210432 || 900025544032624640,United States representative,Republican Party,Republican Party,Ohio's 16th congressional district
US,Colin Allred,http://www.wikidata.org/entity/Q5144845,male,repcolinallred || colinallredtx,1078355119920562176 || 346964561,United States representative,Democratic Party,Democratic Party,Texas's 32nd congressional district
US,Kathleen Rice,http://www.wikidata.org/entity/Q6376887,female,repkathleenrice,2970462034,United States representative,Democratic Party,Democratic Party,New York's 4th congressional district
US,Tim Burchett,http://www.wikidata.org/entity/Q7803244,male,reptimburchett || timburchett,1028854804087492613 || 353890966,United States representative,Republican Party,Republican Party,Tennessee's 2nd congressional district
US,Sylvia Garcia,http://www.wikidata.org/entity/Q13562489,female,repsylviagarcia,1080587263132733442,United States representative,Democratic Party,Democratic Party,Texas's 29th congressional district
US,Carol Miller,http://www.wikidata.org/entity/Q16145531,female,carolmillerwv || repcarolmiller,841994444 || 1081318716573470720,United States representative,Republican Party,Republican Party,West Virginia's 3rd congressional district
US,Troy Balderson,http://www.wikidata.org/entity/Q16194422,male,repbalderson,1037341536592310272,United States representative,Republican Party,Republican Party,Ohio's 12th congressional district
US,Buddy Carter,http://www.wikidata.org/entity/Q16240994,male,repbuddycarter,2973870195,United States representative,Republican Party,Republican Party,Georgia's 1st congressional district
US,Barry Loudermilk,http://www.wikidata.org/entity/Q16731643,male,reploudermilk,2914163523,United States representative,Republican Party,Republican Party,Georgia's 11th congressional district
US,Rick W. Allen,http://www.wikidata.org/entity/Q18683976,male,reprickallen,2964287128,United States representative,Republican Party,Republican Party,Georgia's 12th congressional district
US,Dan Bishop,http://www.wikidata.org/entity/Q20090301,male,jdanbishop,1912799826,United States representative,Republican Party,Republican Party,North Carolina's 9th congressional district
US,Trent Kelly,http://www.wikidata.org/entity/Q20204915,male,reptrentkelly,3317799825,United States representative,Republican Party,Republican Party,Mississippi's 1st congressional district
US,Guy Reschenthaler,http://www.wikidata.org/entity/Q22096097,male,reschenthaler || greschenthaler,477223342 || 4205133682,United States representative,Republican Party,Republican Party,Pennsylvania's 14th congressional district
US,Brian Mast,http://www.wikidata.org/entity/Q27733854,male,repbrianmast || brianmastfl,814103950404239360 || 3170031728,United States representative,Republican Party,Republican Party,Florida's 18th congressional district
US,Vicente Gonzalez,http://www.wikidata.org/entity/Q27924921,male,repgonzalez,818536152588238849,United States representative,Democratic Party,Democratic Party,Texas's 15th congressional district
US,Conor Lamb,http://www.wikidata.org/entity/Q43387164,male,conorlambpa,855240223432769538,United States representative,Democratic Party,Democratic Party,Pennsylvania's 17th congressional district
US,Deb Haaland,http://www.wikidata.org/entity/Q54860790,female,repdebhaaland || deb4congressnm || secdebhaaland,1080695666760929280 || 286476728 || 1370049534831824901,United States representative,Democratic Party,Democratic Party,New Mexico's 1st congressional district
US,Pete Stauber,http://www.wikidata.org/entity/Q55955746,male,reppetestauber || petestauber,1075830599007510535 || 883069589722198018,United States representative,Republican Party,Republican Party,Minnesota's 8th congressional district
US,Haley Stevens,http://www.wikidata.org/entity/Q58322563,female,haleylive,391445643,United States representative,Democratic Party,Democratic Party,Michigan's 11th congressional district
US,Kendra Horn,http://www.wikidata.org/entity/Q58323559,female,hornforcongress || repkendrahorn || votekendraok,880850093548687360 || 1083019402046513152,United States representative,Democratic Party,Democratic Party,Oklahoma's 5th congressional district
US,Debbie Mucarsel-Powell,http://www.wikidata.org/entity/Q58323616,female,debbieforfl,750046943905058816,United States representative,Democratic Party,Democratic Party,Florida's 26th congressional district
US,Harley Rouda,http://www.wikidata.org/entity/Q58333597,male,repharley,1075080722241736704,United States representative,California Republican Party,Democratic Party,California's 48th congressional district
US,Kim Schrier,http://www.wikidata.org/entity/Q58333616,female,repkimschrier,1080462532815532032,United States representative,Democratic Party,Democratic Party,Washington's 8th congressional district
US,Bryan Steil,http://www.wikidata.org/entity/Q58494431,male,repbryansteil,1075205691621720064,United States representative,Republican Party,Republican Party,Wisconsin's 1st congressional district
US,TJ Cox,http://www.wikidata.org/entity/Q59306065,male,reptjcox || tjcoxcongress,1080875913926139910 || 882843534750961664,United States representative,Democratic Party,Democratic Party,California's 21st congressional district
US,Steven Palazzo,http://www.wikidata.org/entity/Q24230,male,congpalazzo,299883942,United States representative,Republican Party,Republican Party,Mississippi's 4th congressional district
US,Debbie Wasserman Schultz,http://www.wikidata.org/entity/Q50104,female,dwstweets,115979444,United States representative,Democratic Party,Democratic Party,Florida's 23rd congressional district
US,Jim Jordan,http://www.wikidata.org/entity/Q186215,male,jim_jordan,18166778,United States representative,Republican Party,Republican Party,Ohio's 4th congressional district
US,Linda Sánchez,http://www.wikidata.org/entity/Q291143,female,replindasanchez,312134473,United States representative,Democratic Party,Democratic Party,California's 38th congressional district
US,Kenny Marchant,http://www.wikidata.org/entity/Q368184,male,repkenmarchant,23976316,United States representative,Republican Party,Republican Party,Texas's 24th congressional district
US,Adrian Smith,http://www.wikidata.org/entity/Q373443,male,repadriansmith,296245061,United States representative,Republican Party || U.S.-Japan Caucus,Republican Party,Nebraska's 3rd congressional district
US,Doris Matsui,http://www.wikidata.org/entity/Q399561,female,dorismatsui,38254095,United States representative,Democratic Party,Democratic Party,California's 6th congressional district
US,Terri Sewell,http://www.wikidata.org/entity/Q461621,female,repterrisewell,381152398,United States representative,Democratic Party,Democratic Party,Alabama's 7th congressional district
US,Maxine Waters,http://www.wikidata.org/entity/Q461727,female,repmaxinewaters || maxinewaters,36686040 || 3166120541,United States representative,Democratic Party,Democratic Party,California's 43rd congressional district
US,Grace Napolitano,http://www.wikidata.org/entity/Q469139,female,gracenapolitano || grace4congress,161411080 || 4895651115,United States representative,Democratic Party,Democratic Party,California's 32nd congressional district
US,Louie Gohmert,http://www.wikidata.org/entity/Q532647,male,replouiegohmert,22055226,United States representative,Republican Party,Republican Party,Texas's 1st congressional district
US,Mac Thornberry,http://www.wikidata.org/entity/Q539444,male,mactxpress,377534571,United States representative,Republican Party,Republican Party,Texas's 13th congressional district
US,Michael McCaul,http://www.wikidata.org/entity/Q539509,male,repmccaul,26424123,United States representative,Republican Party,Republican Party,Texas's 10th congressional district
US,Michael C. Burgess,http://www.wikidata.org/entity/Q539521,male,michaelcburgess,15751083,United States representative,Republican Party,Republican Party,Texas's 26th congressional district
US,Mike Simpson,http://www.wikidata.org/entity/Q549521,male,congmikesimpson,76132891,United States representative,Republican Party,Republican Party,Idaho's 2nd congressional district
US,Cheri Bustos,http://www.wikidata.org/entity/Q723148,female,repcheri,1092979962,United States representative,Democratic Party,Democratic Party,Illinois's 17th congressional district
US,Bill Johnson,http://www.wikidata.org/entity/Q862215,male,repbilljohnson,211530910,United States representative,Republican Party,Republican Party,Ohio's 6th congressional district
US,Dutch Ruppersberger,http://www.wikidata.org/entity/Q981559,male,call_me_dutch,305620929,United States representative,Democratic Party,Democratic Party,Maryland's 2nd congressional district
US,Peter Welch,http://www.wikidata.org/entity/Q1112656,male,welchforvt || peterwelch,499109830 || 1410590874,United States representative,Democratic Party,Democratic Party,Vermont's at-large congressional district
US,David McKinley,http://www.wikidata.org/entity/Q1175610,male,repmckinley,240427862,United States representative,Republican Party,Republican Party,West Virginia's 1st congressional district
US,Don Young,http://www.wikidata.org/entity/Q1239590,male,repdonyoung,37007274,United States representative,Republican Party,Republican Party,Alaska's at-large congressional district
US,Jim McGovern,http://www.wikidata.org/entity/Q1337459,male,repmcgovern,242426145,United States representative,Democratic Party,Democratic Party,Massachusetts's 2nd congressional district
US,Kurt Schrader,http://www.wikidata.org/entity/Q1387868,male,repschrader,20545793,United States representative,Democratic Party,Democratic Party,Oregon's 5th congressional district
US,Peter DeFazio,http://www.wikidata.org/entity/Q1758507,male,reppeterdefazio,252249233,United States representative,Democratic Party,Democratic Party,Oregon's 4th congressional district
US,Thomas Massie,http://www.wikidata.org/entity/Q2426031,male,repthomasmassie,975200486,United States representative,Republican Party,Republican Party,Kentucky's 4th congressional district
US,Bill Foster,http://www.wikidata.org/entity/Q2903389,male,repbillfoster,1080509366,United States representative,Democratic Party,Democratic Party,Illinois's 11th congressional district
US,Markwayne Mullin,http://www.wikidata.org/entity/Q3448772,male,repmullin,1060370282,United States representative,Republican Party,Republican Party,Oklahoma's 2nd congressional district
US,Randy Weber,http://www.wikidata.org/entity/Q4014569,male,txrandy14,1058051748,United States representative,Republican Party,Republican Party,Texas's 14th congressional district
US,Filemon Vela,http://www.wikidata.org/entity/Q4069225,male,repfilemonvela,1083448909,United States representative,Democratic Party,Democratic Party,Texas's 34th congressional district
US,Brendan F. Boyle,http://www.wikidata.org/entity/Q4960876,male,repbrendanboyle,231108733,United States representative,Democratic Party,Democratic Party,Pennsylvania's 2nd congressional district
US,Hakeem Jeffries,http://www.wikidata.org/entity/Q5640425,male,repjeffries,467823431,United States representative,Democratic Party,Democratic Party,New York's 8th congressional district
US,Jack Bergman,http://www.wikidata.org/entity/Q6262116,male,repjackbergman,815241612154417152,United States representative,Republican Party,Republican Party,Michigan's 1st congressional district
US,Lloyd Smucker,http://www.wikidata.org/entity/Q6662742,male,repsmucker,41417564,United States representative,Republican Party,Republican Party,Pennsylvania's 11th congressional district
US,Madeleine Dean,http://www.wikidata.org/entity/Q6726900,female,repdean || madeleinedean,567508925 || 935717078966964228,United States representative,Democratic Party,Democratic Party,Pennsylvania's 4th congressional district
US,Tom O'Halleran,http://www.wikidata.org/entity/Q7817086,male,repohalleran,808416682972770304,United States representative,Republican Party || Democratic Party,Democratic Party,Arizona's 1st congressional district
US,Val Demings,http://www.wikidata.org/entity/Q7909083,female,repvaldemings || valdemings,798973032362606600 || 3404875323,United States representative,Democratic Party,Democratic Party,Florida's 10th congressional district
US,Ruben Gallego,http://www.wikidata.org/entity/Q16218474,male,reprubengallego,2966570782,United States representative,Democratic Party,Democratic Party,Arizona's 7th congressional district
US,Debbie Lesko,http://www.wikidata.org/entity/Q16731415,female,repdlesko,996094929733652481,United States representative,Republican Party,Republican Party,Arizona's 8th congressional district
US,Mark Walker,http://www.wikidata.org/entity/Q17388892,male,repmarkwalker,2966205003,United States representative,Republican Party,Republican Party,North Carolina's 6th congressional district
US,Chuy García,http://www.wikidata.org/entity/Q18631698,male,chuyforcongress,2847603597,United States representative,Democratic Party,Democratic Party,Illinois's 4th congressional district
US,Drew Ferguson,http://www.wikidata.org/entity/Q26157659,male,repdrewferguson,806583915012046854,United States representative,Republican Party,Republican Party,Georgia's 3rd congressional district
US,Salud Carbajal,http://www.wikidata.org/entity/Q27805429,male,repcarbajal,816157667882373120,United States representative,Democratic Party,Democratic Party,California's 24th congressional district
US,William Timmons,http://www.wikidata.org/entity/Q28837296,male,reptimmons || votetimmons,1079770852302958592 || 958510641228275712,United States representative,Republican Party,Republican Party,South Carolina's 4th congressional district
US,Greg Pence,http://www.wikidata.org/entity/Q52151577,male,repgregpence || gregpencein,1082369392229400576 || 890038958104735744,United States representative,Republican Party,Republican Party,Indiana's 6th congressional district
US,Gil Cisneros,http://www.wikidata.org/entity/Q54958760,male,repgilcisneros || gilcisnerosca,1080986167003230208 || 876894308309147650,United States representative,Republican Party || Democratic Party,Democratic Party,California's 39th congressional district
US,Chrissy Houlahan,http://www.wikidata.org/entity/Q56274180,female,rephoulahan,1052896620797460481,United States representative,Democratic Party,Democratic Party,Pennsylvania's 6th congressional district
US,Lori Trahan,http://www.wikidata.org/entity/Q56486676,female,reploritrahan,1079802482640019456,United States representative,Democratic Party,Democratic Party,Massachusetts's 3rd congressional district
US,Susan Wild,http://www.wikidata.org/entity/Q58323072,female,repsusanwild,1069636653353000962,United States representative,Democratic Party,Democratic Party,Pennsylvania's 7th congressional district
US,Dean Phillips,http://www.wikidata.org/entity/Q58323131,male,deanbphillips || repdeanphillips,39894447 || 1061310112013434882,United States representative,Democratic Party,Democratic Party,Minnesota's 3rd congressional district
US,Susie Lee,http://www.wikidata.org/entity/Q58333611,female,repsusielee || susieleenv,1079061579973439488 || 602919981,United States representative,Democratic Party,Democratic Party,Nevada's 3rd congressional district
US,Kevin Hern,http://www.wikidata.org/entity/Q58333614,male,repkevinhern,1067818539179024386,United States representative,Republican Party,Republican Party,Oklahoma's 1st congressional district
US,Ron Wright,http://www.wikidata.org/entity/Q60428775,male,repronwright,1080854935535800320,United States representative,Republican Party,Republican Party,Texas's 6th congressional district
US,Jaime Herrera Beutler,http://www.wikidata.org/entity/Q168592,female,herrerabeutler,242926427,United States representative,Republican Party,Republican Party,Washington's 3rd congressional district
US,Tom Cole,http://www.wikidata.org/entity/Q173839,male,tomcoleok04,23124635,United States representative,Republican Party,Republican Party,Oklahoma's 4th congressional district
US,Ted Deutch,http://www.wikidata.org/entity/Q245724,male,repteddeutch,137794015,United States representative,Democratic Party,Democratic Party,Florida's 22nd congressional district
US,Anna Eshoo,http://www.wikidata.org/entity/Q291193,female,repannaeshoo,249348006,United States representative,Democratic Party,Democratic Party,California's 18th congressional district
US,Ed Perlmutter,http://www.wikidata.org/entity/Q331507,male,repperlmutter,20552026,United States representative,Democratic Party,Democratic Party,Colorado's 7th congressional district
US,Vicky Hartzler,http://www.wikidata.org/entity/Q375389,female,rephartzler,237763317,United States representative,Republican Party,Republican Party,Missouri's 4th congressional district
US,Nydia M. Velázquez,http://www.wikidata.org/entity/Q434890,female,nydiavelazquez,164369297,United States representative,Democratic Party,Democratic Party,New York's 7th congressional district
US,Chellie Pingree,http://www.wikidata.org/entity/Q457243,female,chelliepingree,14984637,United States representative,Democratic Party,Democratic Party,Maine's 1st congressional district
US,Susan Davis,http://www.wikidata.org/entity/Q460675,female,repsusandavis,432771620,United States representative,Democratic Party,Democratic Party,California's 53rd congressional district
US,Sheila Jackson Lee,http://www.wikidata.org/entity/Q461734,female,jacksonleetx18,80612021,United States representative,Democratic Party,Democratic Party,Texas's 18th congressional district
US,Karen Bass,http://www.wikidata.org/entity/Q461739,female,repkarenbass,239949176,United States representative,Democratic Party,Democratic Party,California's 37th congressional district
US,Rick Larsen,http://www.wikidata.org/entity/Q503529,male,repricklarsen,404132211,United States representative,Democratic Party,Democratic Party,Washington's 2nd congressional district
US,Ron Kind,http://www.wikidata.org/entity/Q505222,male,repronkind,112740986,United States representative,Democratic Party,Democratic Party,Wisconsin's 3rd congressional district
US,Bill Pascrell,http://www.wikidata.org/entity/Q529090,male,pascrellfornj || billpascrell,515736574 || 74508260,United States representative,Democratic Party,Democratic Party,New Jersey's 9th congressional district
US,Jim Costa,http://www.wikidata.org/entity/Q675869,male,repjimcosta,245451804,United States representative,Democratic Party,Democratic Party,California's 16th congressional district
US,Al Green,http://www.wikidata.org/entity/Q749039,male,repalgreen,156333623,United States representative,Democratic Party,Democratic Party,Texas's 9th congressional district
US,Bill Posey,http://www.wikidata.org/entity/Q862373,male,congbillposey,25086658,United States representative,Republican Party,Republican Party,Florida's 8th congressional district
US,Chris Smith,http://www.wikidata.org/entity/Q981167,male,repchrissmith,1289319271,United States representative,Republican Party || Democratic Party,Republican Party,New Jersey's 4th congressional district
US,Sanford Bishop,http://www.wikidata.org/entity/Q983428,male,sanfordbishop,249410485,United States representative,Democratic Party,Democratic Party,Georgia's 2nd congressional district
US,G. K. Butterfield,http://www.wikidata.org/entity/Q983532,male,gkbutterfield,432676344,United States representative,Democratic Party,Democratic Party,North Carolina's 1st congressional district
US,Steve Womack,http://www.wikidata.org/entity/Q1029527,male,rep_stevewomack,234469322,United States representative,Republican Party,Republican Party,Arkansas's 3rd congressional district
US,Eliot Engel,http://www.wikidata.org/entity/Q1329618,male,repeliotengel,164007407,United States representative,Democratic Party,Democratic Party,New York's 16th congressional district
US,John Garamendi,http://www.wikidata.org/entity/Q1340268,male,repgaramendi,88806753,United States representative,Democratic Party,Democratic Party,California's 3rd congressional district
US,Mike Kelly,http://www.wikidata.org/entity/Q1431761,male,mikekellypa,935368364,United States representative,Republican Party,Republican Party,Pennsylvania's 16th congressional district
US,Gus Bilirakis,http://www.wikidata.org/entity/Q1555314,male,repgusbilirakis,26051676,United States representative,Republican Party,Republican Party,Florida's 12th congressional district
US,Phil Roe,http://www.wikidata.org/entity/Q1665842,male,drphilroe,52503751,United States representative,Republican Party,Republican Party,Tennessee's 1st congressional district
US,Alcee Hastings,http://www.wikidata.org/entity/Q1758631,male,rephastingsfl,2433737761,United States representative,Democratic Party,Democratic Party,Florida's 20th congressional district
US,Vern Buchanan,http://www.wikidata.org/entity/Q2517229,male,vernbuchanan,20467163,United States representative,Republican Party,Republican Party,Florida's 16th congressional district
US,Lois Frankel,http://www.wikidata.org/entity/Q3182451,female,reploisfrankel,1077121945,United States representative,Democratic Party,Democratic Party,Florida's 21st congressional district
US,Jared Huffman,http://www.wikidata.org/entity/Q3276717,male,rephuffman,1071102246,United States representative,Democratic Party,Democratic Party,California's 2nd congressional district
US,Norma Torres,http://www.wikidata.org/entity/Q3343727,female,norma4congress || normajtorres,2409478435 || 236279233,United States representative,California Democratic Party,Democratic Party,California's 35th congressional district
US,Steven Horsford,http://www.wikidata.org/entity/Q3514907,male,rephorsford || stevenhorsford,389840566 || 246478393,United States representative,Democratic Party,Democratic Party,Nevada's 4th congressional district
US,Raul Ruiz,http://www.wikidata.org/entity/Q3701994,male,repraulruizmd,1089859058,United States representative,Democratic Party,Democratic Party,California's 36th congressional district
US,Andy Barr,http://www.wikidata.org/entity/Q3828645,male,repandybarr,1089334250,United States representative,Republican Party,Republican Party,Kentucky's 6th congressional district
US,Ann Wagner,http://www.wikidata.org/entity/Q3917251,female,repannwagner,1051446626,United States representative,Republican Party,Republican Party,Missouri's 2nd congressional district
US,Marc Veasey,http://www.wikidata.org/entity/Q4068811,male,repveasey,1074129612,United States representative,Democratic Party,Democratic Party,Texas's 33rd congressional district
US,Josh Gottheimer,http://www.wikidata.org/entity/Q6288908,male,repjoshg,815310506596691968,United States representative,Democratic Party,Democratic Party,New Jersey's 5th congressional district
US,Lance Gooden,http://www.wikidata.org/entity/Q6483406,male,lancegooden,1029094268542099457,United States representative,Republican Party,Republican Party,Texas's 5th congressional district
US,Lou Correa,http://www.wikidata.org/entity/Q6685454,male,reploucorrea,815985039485837312,United States representative,Democratic Party,Democratic Party,California's 46th congressional district
US,Pete Aguilar,http://www.wikidata.org/entity/Q7171821,male,reppeteaguilar,3018670151,United States representative,Democratic Party,Democratic Party,California's 31st congressional district
US,Rashida Tlaib,http://www.wikidata.org/entity/Q7294939,female,rashidatlaib,435331179,United States representative,Democratic Party,Democratic Party,Michigan's 13th congressional district
US,Ron Estes,http://www.wikidata.org/entity/Q7363747,male,repronestes,854715071116849157,United States representative,Republican Party,Republican Party,Kansas's 4th congressional district
US,Tom Emmer,http://www.wikidata.org/entity/Q7815723,male,reptomemmer,2914515430,United States representative,Republican Party || Republican Party of Minnesota,Republican Party,Minnesota's 6th congressional district
US,Van Taylor,http://www.wikidata.org/entity/Q7913689,male,vantaylortx || repvantaylor,21826591 || 1075040139351597056,United States representative,Republican Party,Republican Party,Texas's 3rd congressional district
US,Bruce Westerman,http://www.wikidata.org/entity/Q16197421,male,repwesterman,2852998461,United States representative,Republican Party,Republican Party,Arkansas's 4th congressional district
US,Andy Biggs,http://www.wikidata.org/entity/Q16199304,male,repandybiggsaz || andybiggs4az,816652616625168388 || 702601370344402944,United States representative,Republican Party,Republican Party,Arizona's 5th congressional district
US,Gary Palmer,http://www.wikidata.org/entity/Q17386504,male,usrepgarypalmer,2861616083,United States representative,Republican Party,Republican Party,Alabama's 6th congressional district
US,Seth Moulton,http://www.wikidata.org/entity/Q18045052,male,sethmoulton || teammoulton,248495200 || 3091316093,United States representative,Democratic Party,Democratic Party,Massachusetts's 6th congressional district
US,Ralph Abraham,http://www.wikidata.org/entity/Q18683775,male,repabraham,2962891515,United States representative,Republican Party,Republican Party,Louisiana's 5th congressional district
US,Lisa Blunt Rochester,http://www.wikidata.org/entity/Q26899141,female,lisabrochester,4049197462,United States representative,Democratic Party,Democratic Party,Delaware's at-large congressional district
US,Ted Budd,http://www.wikidata.org/entity/Q27733792,male,buddforcongress || reptedbudd,1387547723059052547 || 817138492614524928,United States representative,Republican Party,Republican Party,North Carolina's 13th congressional district
US,Trey Hollingsworth,http://www.wikidata.org/entity/Q27804536,male,votefortrey || reptrey,3431000296 || 811986281177772032,United States representative,Republican Party,Republican Party,Indiana's 9th congressional district
US,Michael Waltz,http://www.wikidata.org/entity/Q55386653,male,repmichaelwaltz,1082416697380913152,United States representative,Republican Party,Republican Party,Florida's 6th congressional district
US,Josh Harder,http://www.wikidata.org/entity/Q58494468,male,repjoshharder,1080851152151953410,United States representative,Democratic Party,Democratic Party,California's 10th congressional district
US,Joe Cunningham,http://www.wikidata.org/entity/Q58993183,male,repcunningham || joecunninghamsc,1080198683713507335 || 826589191412862976,United States representative,Democratic Party,Democratic Party,South Carolina's 1st congressional district
US,Steve Watkins,http://www.wikidata.org/entity/Q60428824,male,rep_watkins || steve4kansas,1080307235350241280 || 129259273,United States representative,Republican Party,Republican Party,Kansas's 2nd congressional district
US,Suzanne Bonamici,http://www.wikidata.org/entity/Q45946,female,repbonamici,558769636,United States representative,Democratic Party,Democratic Party,Oregon's 1st congressional district
US,Collin Peterson,http://www.wikidata.org/entity/Q434458,male,collinpeterson,115676070,United States representative,Democratic Party || Minnesota Democratic–Farmer–Labor Party,Democratic Party,Minnesota's 7th congressional district
US,Rosa DeLauro,http://www.wikidata.org/entity/Q434952,female,rosadelauro || rosa_delauro,140519774 || 893496121,United States representative,Democratic Party,Democratic Party,Connecticut's 3rd congressional district
US,Ben Cline,http://www.wikidata.org/entity/Q4885439,male,cline4virginia,40264497,United States representative || Member of the United States House of Representatives from Virginia,Republican Party,Republican Party,Virginia's 6th congressional district
US,Abigail Spanberger,http://www.wikidata.org/entity/Q55603085,female,repspanberger || spanbergerva07,1078771401497161728 || 882958562296819714,United States representative || Member of the United States House of Representatives from Virginia,Democratic Party,Democratic Party,Virginia's 7th congressional district
US,Gregorio Sablan,http://www.wikidata.org/entity/Q3116336,male,kilili_sablan,926446070812602371,non-voting member of the U.S. House of Representatives,Democratic Party,Democratic Party,Northern Mariana Islands' at-large congressional district
US,Amata Coleman Radewagen,http://www.wikidata.org/entity/Q18684027,female,amata96799 || repamata,19447958 || 3026622545,non-voting member of the U.S. House of Representatives,Republican Party,Republican Party,American Samoa's at-large congressional district
US,Stacey Plaskett,http://www.wikidata.org/entity/Q18739104,female,plaskett_2012 || staceyplaskett,569344237 || 2724095695,non-voting member of the U.S. House of Representatives,Democratic Party,Democratic Party,United States Virgin Islands's at-large congressional district
US,Michael San Nicolas,http://www.wikidata.org/entity/Q16221559,male,guamcongressman,346509049,non-voting member of the U.S. House of Representatives,Democratic Party,Democratic Party,Guam's at-large congressional district
US,Eleanor Holmes Norton,http://www.wikidata.org/entity/Q461649,female,eleanornorton,23600262,non-voting member of the U.S. House of Representatives,Democratic Party,Democratic Party,District of Columbia's at-large congressional district
